X,Y,OBJECTID,Count_,Int_Number,Location
771099.088,2937614.924,1,386,3121,Columbia Rd. & Wyola Place
770993.9483,2951341.409,2,388,319,Columbus Ave. & Dartmouth St.
764810.1908,2941731.79,3,389,507,Columbus Ave. & Dimock St.
769227.2606,2949409.658,4,390,95,Columbus Ave. & Massachusetts Ave.
767839.9505,2947635.156,5,391,2085,Columbus Ave. & Melnea Cass Blvd.
770655.8811,2950971.903,6,393,577,Columbus Ave. & West Canton St.
770109.8387,2950370.203,7,394,320,Columbus Ave. & West Newton St.
776891.9492,2956963.91,8,400,290,Commercial St. & Cross St.
776687.3242,2959351.411,9,401,328,Commercial St. & Foster St.
777094.5113,2959149.908,10,402,424,Commercial St. & Hanover St.
762925.6964,2952718.157,11,403,1283,Commonwealth Ave. & Cummington St.
756698.7812,2953035.737,12,404,845,Commonwealth Ave. & Fordham St.
763315.3844,2952732.409,13,405,457,Commonwealth Ave. & Granby St.
755085.0725,2952281.905,14,406,459,Commonwealth Ave. & Griggs St.
755947.4466,2952837.443,15,407,181,Commonwealth Ave. & Harvard Ave.
765652.5724,2952392.657,16,408,3087,Commonwealth Ave. & Kenmore St.
751143.1945,2949780.908,17,409,1190,Commonwealth Ave. & Leamington Rd.
767397.8225,2952432.409,18,410,90,Commonwealth Ave. & Massachusetts Ave.
748669.1941,2949011.907,19,412,1208,Commonwealth Ave. & South St.
755375.133,2952641.557,20,413,880,Commonwealth Ave. & Spofford St.
762516.8937,2952782.657,21,414,177,Commonwealth Ave. & St. Mary's St.
752764.2575,2950450.908,22,416,180,Commonwealth Ave. & Washington St.
780633.8871,2964788.912,23,434,431,Condor St. & Meridian St.
776262.8868,2954935.91,24,437,362,Congress St. & Franklin St.
775736.786,2957095.303,25,438,4035,Congress St. & Hanover St.
776544.6369,2954579.409,26,439,47,Congress St. & High St.
776090.0741,2955364.91,27,440,1520,Congress St. & Milk St.
776684.993,2954402.156,28,441,3055,Congress St. & Purchase St.
775952.324,2956112.16,29,442,52,Congress St. & State St.
754670.6327,2951411.658,30,450,641,Corey Rd. & Kelton St.
753957.82,2950640.908,31,451,640,Corey Rd. & Summit Ave.
753375.9456,2950007.156,32,452,639,Corey Rd. & Washington St.
754797.1336,2927108.154,33,454,632,Cornell St. & Washington St.
776253.5117,2957484.41,34,458,4096,Cross St. & Hanover St.
759293.4608,2927271.428,35,463,250,Cummins Hwy. & Hyde Park Ave.
757609.1967,2928914.154,36,464,2262,Cummins Hwy. & Sycamore St.
756790.5715,2929631.654,37,465,252,Cummins Hwy. & Washington St.
764892.3232,2923766.653,38,466,1367,Cummins Hwy. & Woodhaven St.
778399.8802,2949737.18,39,473,4085,Cypher & D St.
775942.0743,2946920.908,40,474,1128,D St. & Dorchester Ave.
779935.4173,2951521.923,41,479,374,D St. & Summer St.
777604.2622,2948813.158,42,480,373,D St. & West Broadway
778201.5124,2949506.909,43,481,1484,D St. & West First St.
776786.7621,2947875.158,44,482,540,D St. & West Seventh St.
777847.5121,2949097.909,45,483,786,D St. & West Third St.
773514.8869,2934765.406,46,486,2355,Dakota St. & Geneva Ave.
770041.3856,2953893.659,47,488,750,Dartmouth St. & Marlborough St.
770309.8858,2953179.159,48,489,824,Dartmouth St. & Newbury St.
770675.4987,2952239.728,49,490,110,Dartmouth St. & Stuart St.
771204.0732,2950781.909,50,491,663,Dartmouth St. & Warren Ave.
776993.6998,2946156.408,51,523,173,Dorchester St. & Old Colony Ave.
778432.3247,2947238.158,52,524,949,Dorchester St. & West Fifth St.
771894.7611,2948303.408,53,550,547,East Newton St. & Harrison Ave.
750838.8822,2948274.157,54,556,800,Englewood Ave. & Sutherland St.
775868.5116,2953638.41,55,563,377,Essex St. & South St.
776131.5117,2954208.659,56,580,48,Federal St. & High St.
762791.0312,2946920.071,57,583,1944,Fenwood Rd. & Huntington Ave.
763694.135,2937835.656,58,586,1531,Forest Hills St. & Glen Rd.
763358.4802,2935798.053,59,587,2047,Forest Hills St. & Williams St.
772186.135,2928091.403,60,603,510,Fuller St. & Washington St.
768316.7601,2953258.409,61,611,865,Gloucester St. & Marlborough St.
745213.5694,2924645.653,62,612,714,Gould St. & Spring St.  / V.A. Hospital
774694.0114,2953103.409,63,626,367,Harrison Ave. & Kneeland St.
773019.4496,2949523.158,64,631,689,Harrison Ave. & Waltham St.
768915.2607,2944826.657,65,632,784,Harrison Ave. & Warren St.
776928.6382,2955093.658,66,642,566,High St. & Oliver St.
776710.3243,2954796.66,67,643,1197,High St. & Pearl St.
777554.8477,2955424.597,68,644,7004,High St. & Purchase St.
775914.1991,2954071.909,69,645,60,High St. & Summer St.
768122.6982,2941555.407,70,646,1561,Humboldt Ave. & Martin Luther King Jr. Blvd.
767992.6355,2940837.657,71,647,556,Humboldt Ave. & Townsend St.
768122.5785,2942170.292,72,648,572,Humboldt Ave. & Walnut Ave.
767510.8854,2939942.906,73,649,947,Humboldt Ave. & Waumbeck St.
767773.0106,2940384.407,74,650,1723,Humboldt Ave. & Wyoming St.
758440.9472,2920588.402,75,668,871,Hyde Park Ave. & West St.
768906.2607,2944629.408,76,674,1969,Kearsarge Ave. & Warren St. @ The Boy's Club
766680.8227,2947744.908,77,681,1526,Leon St. & Ruggles St.
773566.5112,2952022.159,78,695,1328,Marginal Rd. & Shawmut Ave.
767501.6977,2952149.159,79,704,91,Massachusetts Ave. & Newbury St.
768599.2968,2949984.892,80,706,134,Massachusetts Ave. & St. Botolph St.
757473.0708,2925790.403,81,730,517,Metropolitan Ave. & Poplar St.
760199.1973,2920162.153,82,731,1104,Metropolitan Ave. & River St.
755335.2658,2927785.633,83,732,582,Metropolitan Ave. & Washington St.
776244.8241,2955397.91,84,733,327,Milk St. & Pearl St.
775431.574,2955423.66,85,735,23,Milk St. & Washington St.
751791.1946,2951350.658,86,736,512,Monastery St. & Washington St.
779267.8254,2941503.157,87,742,2336,Mt. Vernon St. @ Harbor Point Blvd.
776696.5366,2933182.963,88,744,469,Neponset Ave. & Victory Rd.
774477.3475,2957318.311,89,746,4091,New Chardon St. @ Bulfinch Pl.
769702.9488,2929335.905,90,751,959,Norfolk St. & Stanton St.
770383.4488,2930259.905,91,752,1065,Norfolk St. & Woodrow Ave.
756221.146,2957593.655,92,756,188,North Harvard St. & Western Ave.
770069.0108,2948080.158,93,761,785,Northampton St. & Shawmut Ave.
775163.9054,2939987.09,94,777,230,Pleasant St. & Stoughton St.
766385.6586,2946605.018,95,781,4023,Prentiss St. & Tremont St.
754811.0097,2930328.154,96,795,771,Robert St. & South St.
749744.9517,2921374.256,97,796,1003,Rockingham Ave. & Washington St.  @ Engine #55
748205.4208,2919561.513,98,797,2335,Rockland St. & Washington St.
768643.8878,2946298.655,99,799,202,Ruggles St. & Shawmut Ave.
790445.951,2965830.161,100,801,980,Saratoga St. & St. Edward Rd.
778209.9536,2954046.164,101,805,3109,Seaport Blvd. & Sleeper St.
771491.1991,2949360.408,102,806,647,Shawmut Ave. & West Brookline St.
771189.511,2949087.908,103,807,545,Shawmut Ave. & West Newton St.
755150.8835,2930511.904,104,811,770,South St. & Walter St.
756980.7703,2929873.725,105,812,2165,South St. & Washington St. @ Forest Hills MBTA Station Busway Exit (Monitor #253)
763964.0721,2946613.908,106,816,138,St. Alphonsus St. & Tremont St.
750989.1945,2948624.408,107,818,392,Strathmore Rd. & Sutherland Rd.
777950.6371,2952555.909,108,1,1251,A St. & Melcher St.
777383.137,2956092.16,109,87,2006,Atlantic Ave. & Milk St.
777256.8242,2957137.91,110,89,1964,Atlantic Ave. & Richmond
777312.6995,2956403.91,111,90,2023,Atlantic Ave. & State St.
776351.6993,2953860.159,112,91,43,Atlantic Ave. & Summer St.
758527.1335,2953409.159,113,104,1263,Babcock St. & Commonwealth Ave.
766165.9757,2923719.042,114,105,849,Babson St. & Blue Hill Ave.
766429.2609,2926041.654,115,107,1648,Babson St. & Norfolk St.
746297.2933,2926204.951,116,108,817,Baker St. & Gardner St.
746246.0071,2925705.403,117,109,727,Baker St. & Spring St.
759485.1966,2937790.156,118,111,1786,Ballard St. & Centre St.
772036.5736,2954952.41,119,117,4080,Beacon St. & Brimmer St.
772543.4486,2955130.66,120,118,65,Beacon St. & Charles St.
766553.2719,2952933.396,121,119,314,Beacon St. & Charlesgate East
766553.2719,2952933.396,122,120,152,Beacon St. & Charlesgate West
770511.3854,2954397.16,123,122,336,Beacon St. & Clarendon St.
769937.1994,2954182.91,124,123,104,Beacon St. & Dartmouth St.
769352.7605,2953966.659,125,124,337,Beacon St. & Exeter St.
768736.4477,2953739.659,126,125,338,Beacon St. & Fairfield St.
768208.9477,2953544.91,127,126,339,Beacon St. & Gloucester St.
761815.6966,2948066.658,128,251,1432,Brookline Ave. & Francis St.
767222.5548,2939452.723,129,456,520,Crawford St. & Humboldt Ave.
779725.7534,2951278.723,130,475,4062,D St. & Fargo St.
776405.5745,2947436.408,131,477,147,D St. & Old Colony
749439.2456,2921024.173,132,498,1752,Desoto Rd. & Washington St.
775819.9867,2954867.807,133,499,56,Devonshire St. & Franklin St.
775820.3242,2955336.91,134,500,55,Devonshire St. & Milk St.
775812.3243,2955639.66,135,501,54,Devonshire St. & Water St.
765616.8829,2941469.41,136,502,4089,Dimock St. & Washington St.
775903.887,2948839.908,137,504,2307,Dorchester Ave. & Haul Rd.
775904.2922,2948482.133,138,505,271,Dorchester Ave. & Old Colony Ave.
775028.0627,2934153.523,139,506,356,Dorchester Ave. & Park St.
773187.9062,2925135.083,140,507,721,Dorchester Ave. & Richmond St.
775929.3873,2939388.157,141,508,344,Dorchester Ave. & Savin Hill Ave.
777031.3523,2953400.815,142,509,46,Dorchester Ave. & Summer St.
776058.0747,2940901.907,143,510,4041,Dorchester Ave. & Taft St.
773484.7642,2926618.967,144,511,807,Dorchester Ave. & Valley Rd.
775890.7252,2949817.459,145,512,309,Dorchester Ave. & West Fourth St.
776065.5327,2940287.506,146,513,960,Dorchester Ave. @ Belfort St. & Victoria St.
774644.3246,2932333.405,147,514,979,Dorchester Ave. @ Centre St.
775409.6997,2936191.406,148,515,4026,Dorchester Ave. @ Kimball St.
772938.3863,2952135.159,149,696,1330,Marginal Rd. & Tremont St.
777560.0747,2946624.908,150,522,752,Dorchester St. & East Eighth St.
773931.7021,2951899.734,151,697,1332,Marginal Rd. & Washington St.
778182.2353,2947059.992,152,525,2161,Dorchester St. & West Sixth St.
751010.3193,2955011.659,153,698,187,Market St. & North Beacon St.
771007.3862,2944161.907,154,528,207,Dudley St. & Hampden St.  @ Dunmore St.
768994.3501,2945048.31,155,529,208,Dudley St. & Harrison Ave.
767238.5101,2952856.659,156,699,89,Marlborough St. & Massachusetts Ave.
768797.8767,2945081.592,157,530,209,Dudley St. & Warren St.
778265.8871,2948736.909,158,536,945,E St. & West Third St
773940.4538,2950501.407,159,537,366,East Berkeley St. & Harrison Ave.
773207.1362,2950798.909,160,538,87,East Berkeley St. & Shawmut Ave.
767428.136,2941896.156,161,700,1595,Martin Luther King Jr. Blvd. & Walnut Ave.
773508.6363,2950661.909,162,539,365,East Berkeley St. & Washington St.
769173.2584,2941156.658,163,701,1611,Martin Luther King Jr. Blvd. & Warren St.
779387.075,2947610.908,164,540,625,East Broadway & G St.
770241.0108,2948232.408,165,705,97,Massachusetts Ave. & Shawmut Ave.
781777.2006,2947678.658,166,541,304,East Broadway & L St.
769605.159,2948936.528,167,707,96,Massachusetts Ave. & Tremont St.
772168.1986,2948606.158,168,543,661,East Brookline St. & Harrison Ave.
770513.4404,2947932.214,169,708,98,Massachusetts Ave. & Washington St.
771557.5737,2947933.908,170,545,467,East Concord St. & Harrison Ave.
768151.1979,2950423.658,171,709,93,Massachusetts Ave. & Westland Ave. @ St. Stephen St.
781830.1382,2946165.158,172,546,455,East Eighth St. & L St.
771982.5979,2946384.458,173,711,1552,Massachusetts Ave. @ Gerard St.
780564.5755,2947027.658,174,547,1462,East Fifth St. & I St.
760353.7594,2936738.156,175,716,1738,McBride St. & South St.
781805.3882,2947063.908,176,548,2242,East Fifth St. & L St.
774621.3861,2964091.161,177,718,1859,Medford St. & Terminal St.
769039.9487,2946932.407,178,720,2088,Melnea Cass Blvd. & Shawmut Ave.
767331.3875,2937396.654,179,553,325,Elm Hill Ave. & Seaver St.
769471.0939,2946603.622,180,723,2089,Melnea Cass Blvd. & Washington St.
768806.8234,2939393.906,181,554,580,Elm Hill Ave. & Warren St.  @ Waumbeck St.
772003.6991,2932194.905,182,724,148,Melville Ave. & Washington St.
770175.8863,2935863.906,183,559,607,Erie St. & Washington St.
780654.1374,2964038.162,184,726,983,Meridian St. & White St.
774723.949,2953785.91,185,560,1070,Essex St. & Harrison Ave.
775162.324,2957632.91,186,729,311,Merrimac St. & New Chardon St.
775264.5117,2953797.159,187,561,375,Essex St. & Kingston St.
772686.3857,2963453.411,188,562,2338,Essex St. & Main St.
774022.5072,2957319.91,189,765,4128,O'Connell Way & Staniford St.
769490.1126,2945941.098,190,566,573,Eustis St. & Harrison Ave.
782111.44,2960908.027,191,766,4027,Orleans St. & Porter St.
764826.7335,2947989.156,192,568,1532,Evans Way & Huntington Ave.
775475.1989,2954367.16,193,767,605,Otis St. & Summer St.
754383.6323,2956485.659,194,570,897,Everett St. & Holton St.
773305.137,2933501.155,195,770,591,Park St. & Waldeck St.
753728.3823,2954161.159,196,571,1336,Everett St. & North Beacon St.
771930.1992,2933000.405,197,771,539,Park St. & Washington St.
754726.32,2957582.91,198,572,756,Everett St. & Western Ave.
766029.6985,2948078.408,199,773,389,Parker St. & Ruggles St.
769728.1356,2952964.409,200,574,793,Exeter St. & Newbury St.
765083.8845,2946190.156,201,774,610,Parker St. & Tremont St.
749106.1941,2954701.159,202,577,561,Faneuil St. & Parsons St.
776892.262,2954537.41,203,775,602,Pearl St. & Purchase St.
776034.8242,2954886.41,204,579,49,Federal St. & Franklin St.
761060.7628,2942454.943,205,776,267,Perkins St. & South Huntington Ave.
766841.6977,2949104.408,206,589,643,Forsyth St. & Huntington Ave.
764670.9483,2921900.903,207,788,1734,Rector Rd. & River St.
748856.1769,2952410.193,208,591,1475,Foster St. & Washington St.
756080.4466,2917148.652,209,789,1318,Reservation Rd. & River St.
762301.9467,2947652.658,210,592,2330,Francis St. & Vining St.
772696.3871,2924608.154,211,790,1488,River St. & Washington St.
776474.1367,2955100.91,212,593,548,Franklin St. & Pearl St.
762161.0103,2920968.903,213,791,1448,River St. & Wood Ave.
767967.3268,2949721.801,214,604,363,Gainsborough St. & Huntington Ave.
755566.3201,2957616.159,215,849,698,Western Ave. @ Riverdale St.
776336.1368,2949905.659,216,2,1110,A St. & West Broadway
774535.3247,2933958.906,217,606,739,Geneva Ave. & Park St.
776115.4492,2949646.159,218,3,417,A St. & West Fourth St.
773201.0118,2935012.156,219,607,789,Geneva Ave. & Westville St.
776665.1369,2950281.909,220,4,1984,A St. & West Second St.
757169.947,2915822.151,221,610,1109,Glenwood Ave. & Hyde Park Ave.
776474.6717,2930382.615,222,9,351,Adams St. & Ashmont St.
776815.8878,2926990.404,223,613,900,Granite Ave. & Hill Top St.
774140.1998,2924906.654,224,10,755,Adams St. & Butler St.
776001.0758,2934013.156,225,12,617,Adams St. & Gibson St.
776658.0126,2927502.155,226,614,345,Granite Ave. & Milton St.
775703.1372,2934413.406,227,13,357,Adams St. & Park St.
748996.4987,2920450.074,228,616,256,Grove St. & Washington St.
774746.075,2925631.904,229,14,875,Adams St. & Richmond St.
775969.7002,2931535.405,230,16,1743,Adams St. @ Lonsdale St.
755916.6953,2928526.655,231,22,1686,Albano St. & Washington St.
762403.4571,2946721.312,232,663,3133,"Huntington Ave., Mission St., & St. Albans Rd"
751220.7569,2955472.659,233,617,3112,Guest St. & Market St.
771817.237,2946528.381,234,673,1093,"JFF Ramp, Massachusetts Ave., Melnea Cass Blvd., & Southampton St."
766124.5104,2939048.656,235,624,2069,Harold St. & Seaver St.
772043.3238,2947387.158,236,23,813,Albany St. & East Concord St.
775397.0118,2952860.909,237,678,403,"Kneeland St., Lincoln St., & Ramp X"
774236.5113,2951541.409,238,625,1122,Harrison Ave. & Herald St.
774289.5115,2953187.909,239,679,15,"Kneeland St., Stuart St., & Washington St."
771034.2899,2947363.19,240,627,99,Harrison Ave. & Massachusetts Ave.
772403.9488,2947736.658,241,24,382,Albany St. & East Newton St.
773750.948,2958614.148,242,685,2248,"Lomasney Way, Martha Rd., & Nashua St."
769897.8835,2946313.909,243,628,2090,Harrison Ave. & Melnea Cass Blvd.
773487.1974,2962542.409,244,690,1553,"Main St., School St., & West School St."
774030.6364,2950867.909,245,630,1452,Harrison Ave. & Traveler St.
774765.074,2951398.659,246,25,70,Albany St. & Herald St.
766515.5102,2942507.907,247,702,1592,"Martin Luther King Jr. Blvd., Valentine St., & Washington St. (Monitor #4100)"
770209.4487,2933466.155,248,636,511,Harvard St. & Norwell St.
772540.76,2945604.407,249,714,697,"Massachusetts Ave., Pompeii St., & Theo A. Glynn Way"
771492.9823,2946855.771,250,26,100,Albany St. & Massachusetts Ave.
764512.6354,2928162.154,251,637,686,Harvard St. & Walk Hill St.
757540.6346,2938891.155,252,715,862,"May St., Moss Hill Rd., & Pond St."
762919.9471,2944110.407,253,638,1802,Heath St. & Schiller St.
770558.8859,2946012.158,254,27,2091,Albany St. & Melnea Cass Blvd.
762087.0095,2936606.156,255,717,986,"McBride St., Rossmore Rd., & Washington St."
767031.4476,2950634.658,256,639,481,Hemenway St. & Westland Ave.
772526.953,2925012.654,257,738,1243,"Morton St., Richmond St., & Washington St."
773528.1363,2951737.659,258,640,447,Herald St. & Shawmut Ave.
771242.1012,2946608.934,259,28,204,Albany St. & Northampton St.
772222.1354,2949497.909,260,741,1099,"Msgr. Reynolds Way, Washington St., & West Dedham St."
773875.8859,2951640.659,261,641,1127,Herald St. & Washington St.
777737.7002,2932056.905,262,745,982,"Neponset Ave., Pope's Hill St., & South Monroe Terr."
775603.0116,2957808.66,263,747,1862,"New Chardon St., North Washington St., & Surface Rd. SB  (w/ Canal St. @ New Chardon St.)"
774558.3864,2950699.159,264,30,4115,Albany St. & Traveler St.
764243.8002,2947687.639,265,652,269,Huntington Ave. & Longwood Ave.
770566.5741,2931624.905,266,748,1921,"New England Ave., Norwell St., & Talbot Ave."
768388.3854,2950201.659,267,653,94,Huntington Ave. & Massachusetts Ave.
773609.2614,2952366.909,268,763,1922,"Oak St. West, Shawmut Ave., & Tremont St."
773030.6304,2968973.404,269,35,729,Alford St. & Dexter St.
761054.1498,2946245.18,270,655,206,Huntington Ave. & South Huntington Ave.
774010.699,2952297.409,271,764,112,"Oak St., Oak St. West, & Washington St."
763663.3921,2947414.935,272,656,2354,Huntington Ave. & Wigglesworth St.
773767.4491,2943669.407,273,40,476,Allstate Rd. & Massachusetts Ave. @ Boston Edison Co.
759478.1906,2930890.354,274,665,881,Hyde Park Ave. & Southbourne Rd.
774546.6989,2955257.41,275,772,8,"Park St., Tremont St., & Winter St."
760360.3845,2933848.155,276,666,2162,Hyde Park Ave. & Ukraine Way
775474.2621,2939315.657,277,778,622,"Pleasant St., Savin Hill Ave., & Sawyer Ave."
754977.0077,2953959.909,278,41,1808,Allston St. & Brighton Ave.
760002.8806,2933147.671,279,667,249,Hyde Park Ave. & Walk Hill St.
768972.3234,2940592.157,280,786,526,"Quincy St., Townsend St., & Warren St."
774868.6991,2953041.409,281,677,401,Kneeland St. & Tyler St.
767158.6814,2947175.445,282,800,611,"Ruggles St., Tremont St., & Whittier St."
754078.8827,2952167.158,283,42,335,Allston St. & Commonwealth Ave.
747941.1294,2952343.428,284,680,726,Lake St. & Washington St.
768967.0733,2943409.657,285,840,990,"Walnut Ave., Warren St., & Whiting St."
773008.1388,2944863.904,286,688,696,Magazine St. & Massachusetts Ave.
775254.1076,2935195.509,287,11,228,Adams St. & Dorchester Ave. (Fields Corner)
753965.0084,2951898.658,288,43,522,Allston St. & Kelton St.
772044.3239,2944364.157,289,689,527,Magazine St. & Norfolk Ave.
774167.4068,2949581.356,290,34,1333,"Albany St., MBTA Drive & Randolph St."
777614.8597,2955447.196,291,86,40,Atlantic Ave. & High St.  (Monitor #1486)
767497.7603,2945778.408,292,691,2349,Malcolm X Blvd. & Roxbury St.
777399.5848,2954614.123,293,95,1216,"Atlantic Ave., Ramp CA-N, & Seaport Blvd."
753538.3535,2950986.065,294,44,638,Allston St. & Summit Ave.
767778.0734,2937079.906,295,694,981,Maple St. & Seaver St.
750541.4451,2947643.156,296,121,183,Beacon St. & Chestnut Hill Ave. (Cleveland Circle)
764965.4479,2927781.654,297,45,719,Almont St. & Walk Hill St.
756357.905,2929906.295,298,144,1088,"Belgrade Ave., MBTA Driveway, & South St."
768492.0734,2936534.656,299,188,2104,Blue Hill Ave. & Seaver St. (Rt. Turn)
769063.2518,2938098.361,300,190,189,Blue Hill Ave. & Warren St. (Grove Hall)
767883.5605,2933931.641,301,46,216,American Legion Hwy. & Blue Hill Ave.
770355.5735,2942085.657,302,191,1486,Blue Hill Ave. & West Cottage St.  (Monitor #1485)
759863.0077,2926910.391,303,47,1195,American Legion Hwy. & Canterbury St.
766083.9414,2922752.818,304,196,234,"Blue Hill Ave., Cummins Hwy., & River St. (Mattapan Sq.)"
766493.6982,2933114.905,305,48,1301,American Legion Hwy. & Franklin Hill Ave.
766782.885,2951550.659,306,220,9005,Boylston St. & Fenway  (Monitor #9016)
765554.9473,2951090.409,307,223,938,Boylston St. & Ipswich St (Monitor #983)
763592.2596,2950386.908,308,227,9006,Boylston St. & Park Dr.  (Monitor #9017)
758969.073,2924580.747,309,49,1645,American Legion Hwy. & Hyde Park Ave.
777470.8747,2955392.174,310,246,4104,Broad St. & Surface Rd. SB
773696.1978,2956919.66,311,272,412,Cambridge St. & Joy St.  (Monitor #4021)
760389.3239,2928155.153,312,51,1194,American Legion Hwy. & Mt. Hope St.
762595.0725,2930096.154,313,52,369,American Legion Hwy. & Walk Hill St.
771188.2863,2965260.725,314,273,987,Cambridge St. & Maffa Way (Sullivan Sq.)
774909.1365,2958604.66,315,296,30,Causeway St. & Haverhill St. (Monitor #506)
745743.756,2953128.408,316,328,1071,Champney St. & Faneuil St. (Oak Square)
764004.0098,2941251.907,317,55,615,Amory St. & Atherton St.
774529.4376,2960585.758,318,353,162,"Chelsea St., North Washington St. Bridge, & Rutherford Ave. (City Sq.)"
776767.5364,2956848.51,319,374,1960,"Clinton St., Ramp CS-SA, & Surface Rd. SB"
763506.1348,2940648.407,320,56,710,Amory St. & Boylston St.
764811.9051,2940361.905,321,392,191,Columbus Ave. & Washington St. (Egleston Square)
747694.5689,2949168.657,322,421,1788,Commonwealth Ave. & Greycliff St.  (Monitor #1787)
776063.5741,2955647.66,323,446,51,"Congress St., Post Office Sq., & Water St."
762465.6262,2938411.329,324,59,372,Amory St. & Green St.
748656.7662,2952399.699,325,487,846,"Dale St., Oakland St., & Washington St.  (Monitor #4112)"
774921.6374,2933640.656,326,503,1242,Dorchester Ave. & Gibson St.  (Monitor #617)
762944.2831,2939540.356,327,60,1883,Amory St. & Minton St.
780814.2826,2950824.647,328,527,2249,"Dry Dock Ave., Pappas Way, & Summer St."
768340.5107,2945141.908,329,533,210,"Dudley St., Malcolm X Blvd., & Washington St."
772247.6986,2951496.659,330,62,560,Appleton St & Berkeley St
750781.1317,2954513.159,331,576,758,Faneuil St. & Market St.  (Monitor #4085)
774280.6437,2946719.007,332,598,9996,Frontage Rd. NB & Widett Circle
775067.2774,2945644.841,333,602,9988,"Frontage Rd., I-93 NB Off Ramp, & Southampton St."
775625.949,2954863.41,334,65,550,Arch St. & Franklin St.
771123.2297,2946022.05,335,619,2092,Hampden St. & Melnea Cass Blvd.  (Monitor #3140)
758603.2489,2931944.328,336,66,762,Archdale Rd. & Washington St.
776020.4757,2957317.614,337,621,4101,Hanover St. & Surface Rd. SB
774433.0726,2952210.409,338,629,1601,Harrison Ave. & Oak St.  (Monitor #299)
772214.3236,2953553.909,339,67,75,Arlington St. & Boylston St.
757924.0722,2918475.402,340,664,236,Hyde Park Ave. & River St. (Cleary Sq.)  (Monitor #4200)
772627.6353,2952163.409,341,68,1331,Arlington St. & Marginal Rd.
760710.6345,2934563.905,342,671,1759,"Hyde Park Ave., Forest Hills MBTA Station Busway Exit, & Tower St."
777231.012,2955805.91,343,672,2259,India St. & Surface Rd. SB
775727.0285,2954143.771,344,683,58,Lincoln St. & Summer St. (Church Green)
761628.1343,2949279.908,345,686,9012,Longwood Ave. & Riverway  (Monitor #9020)
749569.5034,2953629.909,346,69,391,Arlington St. & Parsons St.
766949.2807,2946187.431,347,692,2337,Malcolm X Blvd. @ #75 (Madison Park High)
767497.7603,2945778.408,348,693,2346,"Malcolm X Blvd., Roxbury St. Connector, & Shawmut Ave. Ext."
772108.0744,2928998.904,349,76,1346,Armandine St. & Washington St.
773265.8867,2944455.658,350,713,3104,"Massachusetts Ave., New Market Sq., & Shirley St."
752783.2574,2954410.409,351,77,3111,Arthur St. & North Beacon St.
777539.8996,2953064.69,352,719,1165,Melcher St. & Summer St.  (Monitor #2008)
776018.3243,2953041.409,353,81,44,Atlantic Ave. & Beach St.
767839.9505,2947635.156,354,721,3010,Melnea Cass Blvd. & Tremont St.  (Monitor #3098)
777196.2617,2956049.91,355,734,1052,Milk St. & Surface Rd. SB
775539.8863,2958441.165,356,760,332,"North Washington St., Thatcher St., & Valenti Way"
777460.6942,2957892.985,357,82,1963,Atlantic Ave. & Commercial Wharf
776248.2618,2953898.909,358,785,3012,"Purchase St., Ramp RR, Summer St., & Surface Rd. SB"
775543.7325,2955588.236,359,803,24,School St. & Washington St.  (BP)
775543.7325,2955588.236,360,804,954,School St. & Washington St.  (JP)
776838.6368,2954222.659,361,83,3056,Atlantic Ave. & Congress St.
772979.8238,2946192.408,362,815,891,"Southampton St., Theo A. Glynn Way, & Topeka St."
777128.1368,2956358.66,363,817,2024,State St. & Surface Rd. SB  (Monitor #4106)
777453.3246,2955766.16,364,84,2007,Atlantic Ave. & East India Row
779482.7697,2951867.441,365,823,664,Summer St. & World Trade Center Ave (Viaduct St)
745775.5887,2953004.549,366,831,626,Tremont St. & Washington St. (Oak Square)
776207.9493,2953534.909,367,85,45,Atlantic Ave. & Essex St.
788362.5769,2967250.661,368,201,426,Boardman St. near Ashley St.
774914.2364,2954023.779,369,98,3085,Avenue de Lafayette & Chauncy St.
774558.3864,2950699.159,370,247,2320,Broadway Bridge @ Traveler St
751055.4584,2952542.199,371,278,2106,Cambridge St. near Elko St./St. Elizabeth's Hospital
773955.7614,2954106.41,372,100,4,Avery St. & Tremont St.
780652.4498,2961748.661,373,304,2105,Central Sq. near Liverpool St.
766635.7041,2945563.141,374,314,195,Centre St. & Roxbury St.  (John Eliot Sq.)
760341.1639,2938390.665,375,322,3071,"Centre St., Engine #29, & Thomas St."
774414.8239,2954060.659,376,101,18,Avery St. & Washington St.
765011.1634,2940116.074,377,397,1831,Columbus Ave. near Weld Ave.
777394.3242,2958863.911,378,113,32,Battery St. & Commercial St.
767397.8225,2952432.409,379,411,1583,Commonwealth Ave. & Massachusetts Ave. Underpass
758962.3846,2918193.152,380,496,1203,"Davison St., Fairmont Ave., & Pierce St."
771096.8863,2954610.908,381,116,283,Beacon St. & Berkeley St.
767733.8853,2949933.908,382,605,1021,Gainsborough St. & St. Stephens St.
767805.885,2953396.659,383,127,340,Beacon St. & Hereford St.
768847.8858,2944084.907,384,737,386,"Moreland St., Regent St., & Warren St."
749884.158,2955400.84,385,755,85,North Beacon St. near Vineland St.
773722.5738,2955480.16,386,128,406,Beacon St. & Joy St.
756357.1327,2956692.159,387,757,2078,North Harvard St. near Easton St.
776324.9844,2957018.534,388,758,4092,"North St., Ramp CNSA, & Surface Rd. SB  (Monitor #7000)"
767132.26,2953145.909,389,129,88,Beacon St. & Massachusetts Ave.
780431.8427,2951153.07,390,782,3126,Pumphouse Rd. & Summer St.  (Monitor #4061)
761386.5213,2945179.41,391,810,2152,South Huntington Ave. near Heath St.  (Mid-block)
780774.2019,2959652.164,392,825,1559,Sumner St. @ Engine #40 near Bremen St.
762920.161,2951593.741,393,130,156,Beacon St. & Park Drive
780542.8507,2959785.614,394,826,171,Sumner St. @ Maverick Sq. MBTA Station
774225.7618,2955683.909,395,131,9,Beacon St. & Park St.
769378.0733,2941837.657,396,841,3141,Warren St. & Mall Driveway near Woodbine St.
745125.7571,2953411.66,397,846,672,Washington St. @ Presentation Church (near Atkins)
775882.0468,2950323.103,398,248,136,"Broadway Bridge, Dorchester Ave, & West Broadway"
775272.449,2954092.159,399,138,101,Bedford St. & Kingston St.
761333.5979,2952962.974,400,259,315,"BU Bridge, Commonwealth Ave., & Essex St. (Monitor #316)"
756456.0687,2924898.407,401,139,972,Beech St. & Poplar St.
771492.9823,2946855.771,402,31,2341,Albany St. @ Boston Medical Center
773783.6364,2953280.909,403,819,1,Stuart St. & Tremont St.
771448.6867,2966187.478,404,37,1131,Alford St. @ Ryan Playground
752180.5494,2929463.826,405,141,1238,Belgrade Ave. & McCraw St.
770948.0304,2952351.129,406,820,1358,Stuart St. & Trinity Pl.
783376.4497,2963180.663,407,351,2325,Chelsea St. Mid-Block near Prescott St.
754168.695,2957482.409,408,827,2271,Telford St. & Western Ave.
750123.5391,2954623.023,409,578,717,Faneuil St. @ McKinney Playground
774311.7614,2954928.66,410,828,6,Temple Pl. & Tremont St.
754217.4459,2929545.154,411,142,705,Belgrade Ave. & Walworth St.
768388.3854,2950201.659,412,654,839,Huntington Ave. & Massachusetts Ave. Underpasses
766784.3842,2941263.657,413,829,393,Townsend St. & Walnut Ave.
767720.1143,2951562.069,414,147,129,Belvidere St. & Massachusetts Ave.
767616.1264,2949629.052,415,660,1349,Huntington Ave. opposite YMCA
773679.074,2951042.659,416,830,4087,Traveler St. & Washington St.
761582.8833,2944350.351,417,809,725,South Huntington Ave. @ Veterans Hospital  (Mid-block)
770646.1983,2949697.409,418,832,146,Tremont St. & West Newton St.
774155.632,2952743.926,419,847,1895,Washington St. @ Tufts Medical Center
786868.0759,2965108.162,420,149,1019,Bennington St. & Byron St.
774192.4493,2954759.409,421,833,5,Tremont St. & West St.
764309.5078,2946446.903,422,834,2241,Tremont St. @ Carmel St.
792007.5143,2967528.663,423,150,2263,Bennington St. & Leverett Ave.
760102.3242,2933977.404,424,835,2272,Ukraine Way & Washington St.
786287.7006,2964814.412,425,151,732,Bennington St. & Moore St.
772514.0112,2949701.409,426,836,872,Union Park St. & Washington St.
750118.7567,2951340.158,427,837,681,Union St. & Winship St.
784404.267,2963850.378,428,152,450,Bennington St. & Neptune Rd.
768648.1351,2945679.408,429,838,1970,Vernon St. & Washington St.
760227.1971,2932612.155,430,839,509,Wachusett St. & Walk Hill St.
789429.295,2966309.948,431,153,168,Bennington St. & Saratoga St.
750858.4103,2922737.811,432,842,1051,Washington St. & West Boundary Rd.
762343.8847,2936960.156,433,843,1285,Washington St. & Williams St.
785266.9154,2964288.909,434,154,1173,Bennington St. & Swift St.
778222.4496,2953026.659,435,5,1662,"A St., Congress St., & Thompson St."
775890.2686,2949452.5,436,6,933,"A St., Dorchester Ave., & West Fifth St."
788451.9815,2965857.828,437,155,1953,Bennington St. & Trident St.
776977.6652,2950844.269,438,7,3138,"A St., Richards St., & Sobin Park"
767158.6814,2947175.445,439,8,3082,"Access Dr., Ruggles St., & Tremont St."
771574.7572,2953316.908,440,158,77,Berkeley St. & Boylston St.
776228.5442,2932913.831,441,17,764,"Adams St., Centre St., & Elmdale St."
772149.8861,2951760.409,442,159,623,Berkeley St. & Chandler St.
773090.6997,2924522.904,443,18,360,"Adams St., Dorchester Ave., & Washington St. (Pierce Sq.)"
776053.5749,2933910.155,444,19,567,"Adams St., Neponset Ave., & Parkman St."
771922.8859,2952374.159,445,160,278,Berkeley St. & Columbus Ave.
746704.5694,2929984.654,446,20,1022,"Addington St., LaGrange St., & Vermont St."
773315.3244,2930663.405,447,21,890,"Alban St., Talbot Ave., & Welles Ave."
771202.8858,2954322.659,448,163,280,Berkeley St. & Marlborough St.
774442.8866,2950320.159,449,33,312,"Albany St., East Berkeley St., Frontage Rd NB, & West Fourth St. Bridge"
759863.0077,2926910.391,450,53,370,"American Legion Hwy., Canterbury St., & Cummins Hwy."
771467.261,2953608.409,451,164,282,Berkeley St. & Newbury St.
759863.0077,2926910.391,452,54,999,"American Legion Hwy., Canterbury St., & Kingbird Rd."
774235.6993,2941414.157,453,61,542,"Annabel St., Columbia Rd., & Holden St."
771685.3886,2953017.66,454,165,281,Berkeley St. & St. James Ave.
756980.7703,2929873.725,455,63,2163,"Arborway Ramps, Forest Hills MBTA Station Busway Exit, South St., & Washington St."
771684.8951,2954831.807,456,70,71,"Arlington St., Beacon St., Embankment Rd., & Marlborough St.  (INT#71 & INT#72)"
772429.232,2952919.152,457,71,76,"Arlington St., Columbus Ave., & Stuart St."
771989.8233,2954134.409,458,72,73,"Arlington St., Commonwealth Ave., & Newbury St.  (INT#73 & INT#74)"
772785.6986,2951952.159,459,73,364,"Arlington St., Herald St., & Tremont St."
750253.5067,2953361.908,460,74,334,"Arlington St., Market St., & Sparhawk St."
772320.7611,2953262.409,461,75,1378,"Arlington St., Park Plaza, & St. James Ave."
774056.5748,2929444.655,462,78,235,"Ashmont St., Dorchester Ave., & Talbot Ave. (Peabody Sq.)"
778348.9505,2931059.155,463,79,585,"Ashmont St., Freeport St., & Neponset Ave."
771116.3241,2931410.905,464,80,4047,"Aspinwall St., Spencer St., & Talbot Ave."
777460.6942,2957892.985,465,92,33,"Atlantic Ave., Commercial St., Eastern St., & Fleet St."
777086.6369,2956886.91,466,93,1961,"Atlantic Ave., Cross St., & Mercantile St.  (Monitor #7002)"
775901.6992,2952709.409,467,94,3078,"Atlantic Ave., Kneeland St., & Ramps"
773855.1986,2962185.161,468,97,1545,"Austin St., Green St., & Main St."
747692.2483,2924019.126,469,110,1320,"Baker St., Centre Lane, & Centre St."
767004.8234,2929952.154,470,112,1010,"Balsam St., Blue Hill Ave., & Johnston Rd."
774339.5114,2953416.159,471,115,16,"Beach St., LaGrange St., & Washington St."
750897.0697,2947662.157,472,132,684,Beacon St. & Prendergast St.
750897.0697,2947662.157,473,133,685,Beacon St. & Prendergast St.
765071.4413,2952387.847,474,135,150,"Beacon St., Brookline Ave., Commonwealth Ave., & Deerfield St. (Kenmore Sq.)"
765071.4412,2952387.847,475,136,3086,"Beacon St., Commonwealth Ave., & Raleigh St."
774970.5738,2955794.16,476,137,11,"Beacon St., School St., & Tremont St."
754404.6955,2926652.654,477,140,579,"Beech St., Walworth St., & Washington St.  (Monitor #583)"
750857.1328,2929905.154,478,143,260,"Belgrade Ave., Centre St. & Manthorne Rd."
748990.9853,2928602.869,479,145,1086,"Bellevue St., Bird Pl., & Centre St."
772907.5752,2939247.153,480,146,4081,"Bellevue St., Columbia Rd., & Glendale St."
769215.1356,2951180.409,481,148,102,"Belvidere St., Huntington Ave., & West Newton St."
782168.4681,2962700.278,482,157,296,"Bennington St., Brooks St., & Havre St."
771359.9925,2953901.51,483,161,106,Berkeley St. & Commonwealth Ave.
771359.9925,2953901.51,484,162,107,Berkeley St. & Commonwealth Ave.
772455.1363,2951143.159,485,167,86,"Berkeley St., East Berkeley St., & Tremont St."
751457.9444,2955996.159,486,173,9014,"Birmingham Pkwy, Lincoln St., & Market St."
764139.6969,2952601.409,487,177,760,"Blandford St., Commonwealth Ave., & Silber Way"
773199.0737,2956921.41,488,178,740,"Blossom St., Cambridge St., & Garden St."
768886.636,2937711.656,489,195,190,"Blue Hill Ave., Cheney St., & Washington St."
771101.761,2943869.407,490,197,306,"Blue Hill Ave., Dudley St., & Magazine St."
766306.8218,2927066.08,491,198,984,"Blue Hill Ave., Fessenden St., & Wellington Hill St."
768235.1983,2935331.406,492,199,215,"Blue Hill Ave., Glen Lane, & Glenway St."
767604.9551,2932709.998,493,200,217,"Blue Hill Ave., Harvard St., & Talbot Ave."
789073.7011,2966484.162,494,202,430,"Boardman St., Ford St., & Saratoga St."
774774.6993,2942097.907,495,206,220,"Boston St., Columbia Rd., & Massachusetts Ave. (Edward Everett Sq.)"
775963.639,2945412.921,496,207,172,"Boston St., Dorchester Ave., Dorchester St., Southampton St., & Preble St. (Andrew Square)"
778574.9175,2952731.434,497,209,4057,"Boston Wharf Rd., Congress St., & West Service Rd."
774307.7613,2956944.41,498,214,37,"Bowdoin St., Cambridge St., & New Chardon St."
771505.074,2934413.156,499,215,359,"Bowdoin St., Harvard St., & Washington St."
763592.2596,2950386.908,500,231,9002,"Boylston St., Brookline Ave., & Park Drive  (Formerly #158)"
761202.2593,2941694.407,501,232,239,"Boylston St., Centre St., Moraine St., & South Huntington Ave."
772007.9289,2964790.211,502,233,66,"Boylston St., Charles St., & Charles St. South"
768188.6256,2952065.345,503,234,1357,"Boylston St., Dalton St., & Hereford St."
774395.4417,2953739.823,504,235,17,"Boylston St., Essex St., & Washington St."
767246.1975,2951718.159,505,236,609,"Boylston St., Hemenway St., & Ipswich St."
764891.3845,2950846.659,506,237,753,"Boylston St., Jersey St., & Yawkey Way"
771817.237,2946528.381,507,238,135,"Bradston St., JFF On-Ramp, Massachusetts Ave., & Southampton St."
754159.6325,2954081.909,508,243,186,"Brighton Ave., Cambridge St., & North Beacon St. (Union Sq.)"
757604.2283,2953546.047,509,244,179,"Brighton Ave., Commonwealth Ave., & Malvern St. (Packards Corner)"
766189.9478,2942188.157,510,245,683,"Brinton St., Marcella St., & Washington St.  (Monitor #4092)"
762067.5082,2948429.409,511,254,472,"Brookline Ave., Deaconess Rd., & Jimmy Fund Way"
763428.0726,2950173.347,512,255,9011,"Brookline Ave., Fenway, & Riverway"
764036.8844,2950960.658,513,256,4077,"Brookline Ave., Fullerton St., & Kilmarnock St."
760032.597,2953247.197,514,260,604,"Buick St., Commonwealth Ave., & St. Paul St."
775840.6363,2962751.411,515,262,1657,"Bunker Hill St., Tufts St., & Vine St.  (Hayes Square)"
772277.3239,2941763.907,516,263,4127,"Burgess St., Dudley St., & Folsom St."
757530.5092,2918401.157,517,265,1468,"Business St., Gordon Ave., & River St."
763016.0095,2947038.908,518,268,197,"Calumet St., Francis St., Huntington Ave., & Tremont St. (Brigham Cir.) (Monitor #198)"
775122.5017,2956330.828,520,281,2020,"Cambridge St., Court St., & Tremont St."
772718.6359,2956903.16,521,283,723,"Cambridge St., Grove St., & North Grove St."
756711.8831,2955440.909,522,284,1325,"Cambridge St., Lincoln St., & Service Rd."
774727.8232,2956831.16,523,285,38,"Cambridge St., New Sudbury St., & Somerset St."
769754.9477,2964620.911,524,286,592,"Cambridge St., Parker St., & Stark St."
751581.6759,2952823.07,525,287,619,"Cambridge St., Sparhawk St., & Warren St."
774052.3238,2956935.66,526,288,121,"Cambridge St., Staniford St., & Temple St."
750661.778,2952365.292,527,289,633,"Cambridge St., Washington St., & Winship St. (Morgan Sq.)"
758007.2968,2926577.116,528,292,1730,"Canterbury St., Grew Ave., & Poplar St."
761745.3977,2952901.724,529,294,1329,"Carlton St., Commonwealth Ave., & University Rd."
775486.5741,2959062.911,530,298,29,"Causeway St., Commercial St., & North Washington St. (Keany Sq.)"
774169.775,2958036.088,531,299,109,"Causeway St., Lomasney Way, Merrimac St., & Staniford St."
771807.0111,2952688.659,532,166,279,Berkeley St. & Stuart St.
769935.7613,2931874.905,533,168,1186,Bernard St. & Talbot Ave.
762653.0698,2948536.659,534,171,1310,Binney St. & Longwood Ave.
773166.8867,2939970.907,535,172,536,Bird St. & Columbia Rd.
762920.9436,2948365.41,536,174,708,Blackfan Circle & Longwood Ave.
778772.3861,2930350.654,537,175,1345,Blackwell St. & Neponset Ave.
759308.4141,2929292.77,538,176,563,Blakemore St. & Hyde Park Ave.
766458.5794,2927652.2,539,179,1813,Blue Hill Ave. & Clarkwood St.
768414.0109,2935897.906,540,180,218,Blue Hill Ave. & Columbia Rd.
766091.3023,2923200.914,541,181,843,Blue Hill Ave. & Fairway St.
769567.4484,2938961.406,542,182,1437,Blue Hill Ave. & Intervale St.
770646.2612,2942972.407,543,183,1729,Blue Hill Ave. & Moreland St.
766202.8857,2925897.654,544,184,231,Blue Hill Ave. & Norfolk St.
770078.3237,2939952.156,545,185,394,Blue Hill Ave. & Quincy St.
766118.6336,2924297.153,546,186,957,Blue Hill Ave. & Regis Rd.
768492.0734,2936534.656,547,187,2103,Blue Hill Ave. & Seaver St.
766154.1715,2926318.251,548,189,232,Blue Hill Ave. & Walk Hill St.
767354.0734,2931400.155,549,192,1011,Blue Hill Ave. & Westview St.
766130.8993,2924915.074,550,193,1842,Blue Hill Ave. & Woodhaven St.
766876.9749,2929385.196,551,194,1009,Blue Hill Ave. & Woodrow Ave.
775099.387,2943276.658,552,204,1809,Boston St. & Harvest St.
775460.574,2944111.406,553,205,1418,Boston St. & Washburn St.
779007.9747,2953528.422,554,208,3108,Boston Wharf Rd. & Seaport Blvd.
772069.5115,2935893.406,555,210,139,Bowdoin St. & Geneva Ave.
773290.6369,2936923.656,556,211,285,Bowdoin St. & Hamilton St.
774559.7641,2938559.406,557,212,1314,Bowdoin St. & Hancock St.
773811.7619,2937583.656,558,213,268,Bowdoin St. & Quincy St.
770993.6359,2953102.409,559,217,78,Boylston St. & Clarendon St.
770422.8233,2952890.159,560,218,79,Boylston St. & Dartmouth St.
769835.2591,2952672.913,561,219,80,Boylston St. & Exeter St.
768687.0728,2952249.659,562,221,1573,Boylston St. & Gloucester St.
772624.0791,2953667.716,563,222,123,Boylston St. & Hadassah Way
764299.3846,2950627.658,564,224,1248,Boylston St. & Kilmarnock St.
763023.6957,2940800.653,565,225,1143,Boylston St. & Lamartine St.
767611.0102,2951850.659,566,226,92,Boylston St. & Massachusetts Ave.
773872.5739,2953735.41,567,229,3,Boylston St. & Tremont St.
764821.2479,2941285.297,568,239,801,Bragdon St. & Columbus Ave.
764830.9516,2940926.94,569,240,3079,Bray St. & Columbus Ave.
755616.4461,2953860.405,570,241,185,Brighton Ave. & Harvard Ave.
774748.8245,2955491.409,571,249,10,Bromfield St. & Tremont St.
761596.3217,2947817.908,572,250,9013,Brookline Ave & Riverway
762349.318,2948773.161,573,252,270,Brookline Ave. & Longwood Ave.
762755.6158,2949300.771,574,253,458,Brookline Ave. & Short St.
782632.6043,2962309.237,575,257,1466,Brooks St. & Chelsea St.
758336.8218,2927954.404,576,258,454,Brown Ave. & Cummins Hwy.
760464.3625,2938805.37,577,264,1540,Burroughs St. & Centre St.
761007.2265,2943312.536,578,266,1419,Bynner St. & South Huntington Ave.
751963.3429,2953042.11,579,269,2062,Cambridge St. & Dustin St.
752673.6775,2953345.791,580,270,699,Cambridge St. & Eleanor St. @ School Driveway
753399.2097,2953722.237,581,271,449,Cambridge St. & Gordon St.
757136.258,2955653.409,582,274,803,Cambridge St. & North Harvard St.
758017.4453,2956080.244,583,276,1326,Cambridge St. & Windom St.
755597.5702,2954904.159,584,277,1154,Cambridge St. @ Highgate St.
759225.4327,2926793.766,585,290,797,Canterbury St. & Hyde Park Ave.
758591.572,2926618.654,586,291,1714,Canterbury St. & Pinedale Rd.
760183.2593,2937385.156,587,295,1787,Carolina Ave. & South St.
774451.1393,2958279.907,588,297,303,Causeway St. & Portland St.
765142.3626,2944864.637,589,300,1077,Cedar St. & Columbus Ave.
767364.236,2943440.953,590,301,64,Cedar St. & Washington St.
758688.1325,2918497.032,591,303,1132,Central Ave. & River St.
751815.508,2930055.404,592,307,439,Centre St. & Colbert St.
749552.2533,2929491.652,593,308,272,Centre St. & Corey St.
748668.4462,2927495.403,594,309,261,Centre St. & LaGrange St.
764183.9468,2942918.152,595,310,805,Centre St. & Lamartine St.
763017.8223,2942877.155,596,311,1090,Centre St. & Mozart St.
765502.385,2944693.407,597,302,1017,"Cedar St., Centre St., & Fort Ave."
748904.2574,2928296.904,598,312,1779,Centre St. & Mt. Vernon St.
749125.445,2929114.404,599,313,1687,Centre St. & Park St.
780715.6373,2961714.411,600,305,170,"Central Sq., Meridian St., & Saratoga St."
752299.8857,2930254.903,601,315,513,Centre St. & South St.
764769.1957,2943690.021,602,318,196,"Centre St., Columbus Ave., & Heath St."
754638.8834,2932531.155,603,316,353,Centre St. & Weld St.
764769.1957,2943690.021,604,319,287,"Centre St., Columbus Ave., & Ritchie St."
750276.8838,2929995.652,605,317,1493,Centre St. & Willow St.
772421.3858,2955422.16,606,330,140,Charles St. & Chestnut St.
762043.3221,2942742.657,607,320,1089,"Centre St., Creighton St., & Forbes St."
772307.4484,2955698.16,608,331,141,Charles St. & Mt. Vernon St.
760156.0094,2938135.906,609,321,242,"Centre St., Eliot St., & South St."
772189.5109,2956069.91,610,332,142,Charles St. & Pinckney St.
760542.0109,2939405.896,611,323,293,"Centre St., Green St., & Myrtle St."
772179.1359,2956314.16,612,333,143,Charles St. & Revere St.
748330.3825,2926822.153,613,324,620,"Centre St., Lorette St., & St. Theresa Ave."
773250.0862,2953214.211,614,335,1732,Charles St. South & Stuart St.
771951.1369,2931079.655,615,325,225,"Centre St., Norfolk St., Talbot Ave., & Washington St. (Codman Sq.)"
775971.4492,2959519.911,616,341,537,Charter St. & Commercial St.
748161.0072,2926610.653,617,326,275,"Centre St., Spring St., & Temple St."
775296.4489,2954543.16,618,342,59,Chauncy St. & Summer St.
771606.949,2938150.906,619,327,995,"Ceylon St., Columbia Rd., & Columbia Terrace"
775518.696,2961535.393,620,343,4037,Chelsea St. & Constitution Rd.
773073.261,2953777.659,621,329,9008,"Charles Circle, Charles St., & Storrow Dr. Ramp"
776060.8383,2962106.256,622,344,3038,Chelsea St. & Fifth St.
773315.5733,2952422.91,623,336,1783,"Charles St. South, Jefferson St., & Tremont St."
782242.7625,2961847.411,624,345,445,Chelsea St. & Marion St.
766568.8122,2952409.191,625,337,3090,Charlesgate East & Commonwealth Ave.
783376.4497,2963180.663,626,346,2311,Chelsea St. & Prescott St.
766568.8122,2952409.191,627,338,3091,Charlesgate East & Commonwealth Ave.
777198.8516,2963652.194,628,347,4053,Chelsea St. & Sixteenth St.
766568.8122,2952409.191,629,339,3088,Charlesgate West & Commonwealth Ave.
777047.8634,2963377.819,630,348,3039,Chelsea St. & Thirteenth St.
766568.8122,2952409.191,631,340,3089,Charlesgate West & Commonwealth Ave.
774925.6905,2960977.95,632,349,2339,Chelsea St. & Warren St.
781807.0127,2961339.161,633,352,396,"Chelsea St., George R. Visconti Rd., & Porter St."
772437.3238,2945766.158,634,354,1157,Chesterton St. & Massachusetts Ave.
749747.6944,2950071.408,635,357,2070,"Chestnut Hill Ave., Hatherly Rd., & Engine #29"
749940.3818,2948377.908,636,355,182,Chestnut Hill Ave. & Commonwealth Ave.
749849.8188,2952423.156,637,358,184,"Chestnut Hill Ave., Market St., & Washington St."
749564.3194,2949683.658,638,356,713,Chestnut Hill Ave. & Embassy Rd.
749362.1318,2949251.408,639,359,631,"Chestnut Hill Ave., South St., & Strathmore Rd."
760252.0092,2937009.656,640,360,809,Child St. & South St.
770776.7606,2953689.659,641,365,3044,Clarendon St. & Commonwealth Ave.
750483.5699,2949226.157,642,361,453,Chiswick Rd. & Commonwealth Ave.
770776.7606,2953689.659,643,366,3045,Clarendon St. & Commonwealth Ave.
772763.542,2953047.862,644,362,347,Church St. & Stuart St
769265.0108,2942189.157,645,372,1204,"Clifford St., Dale St., & Warren St."
751031.7899,2932025.279,646,363,687,Church St. & Weld St.
758867.3846,2923759.403,647,376,568,"Collins St., Hyde Park Ave., & Metropolitan Ave."
771460.2611,2951863.159,648,364,1639,Clarendon St. & Columbus Ave.
773756.9492,2940865.157,649,387,223,"Columbia Rd., Dudley St., & Stoughton St. (Uphams Corner)"
770621.1982,2954108.409,650,367,679,Clarendon St. & Marlborough St.
765812.8896,2946061.891,651,398,192,"Columbus Ave., Malcolm X Blvd., & Tremont St."
770885.4484,2953394.409,652,368,742,Clarendon St. & Newbury St.
765690.7519,2939483.024,653,399,616,"Columbus Ave., Seaver St., & Walnut Ave."
771104.1984,2952800.909,654,369,707,Clarendon St. & St. James Ave.
770198.9454,2953473.908,655,417,3046,Commonwealth Ave. & Dartmouth St.
771226.018,2952473.961,656,370,466,Clarendon St. & Stuart St.
769621.5731,2953259.659,657,418,4010,Commonwealth Ave. & Exeter St.
771920.2609,2950625.159,658,371,1250,Clarendon St. & Tremont St.
768996.8229,2953029.659,659,419,4008,Commonwealth Ave. & Fairfield St.
776206.047,2956817.962,660,373,4108,Clinton St. & North St.
768472.4479,2952837.659,661,420,4006,Commonwealth Ave. & Gloucester St.
768063.9483,2952683.907,662,422,4004,Commonwealth Ave. & Hereford St.
751887.9448,2949826.158,663,375,1206,Colborne Rd. & Commonwealth Ave.
770198.9454,2953473.908,664,423,3047,Commonwealth Ave. & Dartmouth St.
770873.8243,2937359.406,665,377,1164,Columbia Rd. & Devon St.
776030.387,2942183.657,666,378,221,Columbia Rd. & Dorchester Ave.
769621.5731,2953259.659,667,424,4011,Commonwealth Ave. & Exeter St.
770260.6959,2936830.907,668,380,541,Columbia Rd. & Geneva Ave
768996.8229,2953029.659,669,425,4009,Commonwealth Ave. & Fairfield St.
773460.8868,2940400.157,670,381,226,Columbia Rd. & Hancock St.
768472.4479,2952837.659,671,426,4007,Commonwealth Ave. & Gloucester St.
775237.9163,2941933.238,672,382,448,Columbia Rd. & Pond St.
747694.5689,2949168.657,673,427,1789,Commonwealth Ave. & Greycliff St.
772462.3867,2938749.156,674,383,371,Columbia Rd. & Quincy St.
768063.9483,2952683.907,675,428,4005,Commonwealth Ave. & Hereford St.
769150.8859,2936131.906,676,384,229,Columbia Rd. & Seaver St.
759282.4461,2953363.409,677,429,1422,"Commonwealth Ave., Harry Agganis Way, & Pleasant St."
769654.6986,2936574.656,678,385,144,Columbia Rd. & Washington St.
753501.0701,2952218.658,679,430,323,"Commonwealth Ave., Kelton St., & Warren St."
750700.632,2949423.408,680,431,1191,"Commonwealth Ave., Kinross St., & Wallingford Rd."
746426.8186,2949137.657,681,432,879,"Commonwealth Ave., Lake St., & St. Thomas Moore Rd."
770239.0734,2949398.658,682,433,1620,"Concord Sq., Tremont St., & West Concord St."
778924.4585,2952443.899,683,443,4056,"Congress St., East Service Rd., & Ramp CI"
775520.8874,2957441.911,684,444,1685,"Congress St., New Sudbury St., & Sudbury St."
775860.3714,2956608.232,685,445,26,"Congress St., North St., & Union St"
754523.8834,2930184.404,686,447,1205,"Congreve St., South St., & Washington St."
775603.0116,2957808.66,687,448,4095,"Cooper St., Cross St., North Washington St., & Ramp ST-SA  (Monitor #34)"
769235.3858,2942541.157,688,449,712,"Copeland St., Warren St., & Waverly St."
756570.4463,2929355.654,689,453,251,"Corinth St., Poplar St., & Washington St."
775684.0741,2956097.91,690,455,25,"Court St., State St., & Washington St."
776046.887,2941462.157,691,457,523,"Crescent Ave., Dorchester Ave., & East Cottage St."
776478.5356,2957339.958,692,459,301,"Cross St., North St., & Ramp CN-SA  (Monitor #1961)"
776089.7623,2957609.66,693,460,292,"Cross St., Salem St., & Sudbury St.  (Monitor #4094)"
768898.4561,2950768.318,694,461,4000,Cumberland St. & Huntington Ave.
768898.4561,2950768.318,695,462,4001,Cumberland St. & Huntington Ave.
761933.2599,2925240.653,696,470,906,"Cummins Hwy., Harvard St., & Wood Ave."
763174.698,2924152.903,697,471,346,"Cummins Hwy., Itasca St., & Ridlon Rd."
765465.8231,2923316.903,698,472,952,"Cummins Hwy., Rexford St., & Rockdale St."
779448.7052,2953263.188,699,485,606,"D St., Northern Ave., & Seaport Blvd."
770538.3857,2952594.409,700,493,81,"Dartmouth St., Huntington Ave., & St. James Ave."
771402.2609,2950247.159,701,494,145,"Dartmouth St., Tremont St., & West Dedham St."
768650.323,2948230.658,702,495,1155,"Davenport St., Hammond St., & Tremont St."
769933.105,2945038.731,703,497,4060,"Dearborn St., Dudley St., & Mt. Pleasant St."
775608.5694,2937416.657,704,517,222,"Dorchester Ave., East St., Freeport St., Hancock St., & Hoyt St."
775981.6997,2944875.408,705,518,1050,"Dorchester Ave., Father Anthony Songin Way, & Major O'Connor Way"
775119.0123,2934575.906,706,519,2301,"Dorchester Ave., Faulkner St., & Lincoln St."
774370.0748,2930988.905,707,520,1168,"Dorchester Ave., Lonsdale St., & Welles Ave."
774837.1926,2933237.667,708,521,673,"Dorchester Ave., Melville Ave., & Parkman St."
779061.8869,2947598.908,709,526,175,"Dorchester St., East Broadway, & West Broadway (Perkins Sq.)"
771857.8237,2942426.907,710,532,754,"Dudley St., East Cottage St., & West Cottage St."
772202.7618,2929644.155,711,534,4029,"Dunbar Ave., Roslin St., & Washington St."
773112.261,2962941.661,712,535,3134,"Dunstable St., Main St., & Sullivan St."
780558.3484,2947645.701,713,542,1008,"East Broadway, Emerson St., & I St."
771749.261,2949074.408,714,544,650,"East Brookline St., Washington St., & West Brookline St."
781760.2629,2948293.909,715,549,991,"East First St., L St., & Summer St."
771448.6985,2948800.658,716,551,383,"East Newton St., Washington St., & West Newton St."
779448.7052,2953263.188,717,552,3107,"East Service Rd., Northern Ave., &  Seaport Blvd."
762036.9459,2938654.154,718,555,435,"Elm St., Green St., & Lamartine St."
752598.5553,2924672.263,719,557,255,"Enneking Pkwy., LaGrange St., & Washington St."
752598.5553,2924672.263,720,558,254,"Enneking Pkwy., Washington St., & West Roxbury Pkwy."
775638.073,2953727.404,721,564,1291,"Essex St., Lincoln St., & Surface Rd."
751803.6955,2954742.663,722,565,1259,"Etna St., Life St., & North Beacon St."
769270.8233,2946272.908,723,567,1007,"Eustis St., Washington St., & Williams St."
764889.9981,2948705.182,724,569,9003,"Evans Way, Fenway, & Louis Prang St."
770049.4565,2952054.804,725,575,82,"Exeter St., Huntington Ave., & Stuart St."
766839.9485,2926530.154,726,584,985,"Fessenden St., Mildred Ave., & Norfolk St."
757416.7557,2930424.966,727,585,978,"Firth Rd., South St., & Washington St."
763934.01,2939151.656,728,588,711,"Forest Hills St., Montebello Rd., & Washington St."
766388.4475,2948860.658,729,590,569,"Forsyth Way, Huntington Ave., & Parker St."
756056.0079,2957147.159,730,594,1183,"Franklin St., Kingsley St., & North Harvard St."
763125.8222,2938037.406,731,608,241,"Glen Rd., Green St., & Washington St."
769667.7614,2933313.405,732,609,1081,"Glenway St., Harvard St., & Warner St."
758733.2596,2922157.653,733,615,1469,"Greenwood Ave., Hyde Park Ave., & Thatcher St."
765376.3225,2946139.408,734,618,1972,"Gurney St., Terrace St., & Tremont St."
771084.8873,2945234.907,735,620,709,"Hampden St., Keegan St., & Norfolk Ave."
776526.9492,2957854.16,736,622,35,"Hanover St., Parmenter St., & Richmond St."
769771.2575,2951760.248,737,623,4002,"Harcourt St., Huntington Ave., & Ring Rd."
774311.4488,2951800.909,738,633,395,"Harrison Ave., Hudson St., & Marginal Rd."
772797.5763,2949286.657,739,634,390,"Harrison Ave., Malden St., & Msgr. Reynolds Way"
770879.8237,2934947.406,740,635,608,"Harvard Ave., Vassar St., & Washington St."
766557.421,2938138.338,741,651,432,"Humboldt Ave., Old Trail Rd., & Seaver St."
767296.3212,2949355.412,742,657,4019,Huntington Ave. & Opera Place
767296.3212,2949355.412,743,658,4020,Huntington Ave. & Opera Place
765513.6824,2948341.153,744,661,3096,"Huntington Ave., Louis Prang St., & Ruggles St."
761802.5405,2946714.399,745,662,613,"Huntington Ave., Mission Park Dr., & Parker Hill Ave."
773511.612,2924587.046,746,15,475,Adams St @ #1185
775028.7535,2952484.9,747,29,4110,Albany St & South Station Connector
774267.9304,2949273.281,748,32,3113,Albany St Connector & Frontage Rd NB
772631.0564,2968368.697,749,36,953,Alford St @ Edison Gate
760573.0833,2953154.507,750,57,3094,Amory St & Commonwealth Ave (N. Rdwy)
760561.7707,2953090.886,751,58,3095,Amory St & Commonwealth Ave (S. Rdwy)
766335.9191,2932861.256,752,50,3020,American Legion Hwy & Lena Park (@#150)
761082.9608,2935202.358,753,64,2164,"Arborway Ramps, Hyde Park Ave, New Washington St, & Washington St"
777018.9452,2954344.853,754,88,4102,Atlantic Ave & Pearl St
777260.2651,2954779.525,755,784,558,"Purchase St, Ramp CS-P, & Seaport Blvd"
777069.5383,2954651.392,756,783,1217,Purchase St @ Firehouse
775761.2164,2957527.972,757,821,4094,Sudbury St & Surface Rd SB
773694.1361,2959164.013,758,743,460,Nashua St @ #100
772150.2085,2957002.891,759,279,9010,"Cambridge St, Charles Circle, & Charles St"
772133.7119,2956823.685,760,0,9008,"Charles Circle, Charles St, & Storrow Dr Ramp"
773050.2888,2959058.582,761,687,4036,"Lowell St, Nashua St, & Ramp CN/N-LC"
772883.0327,2958878.628,762,682,9050,"Msgr O'Brien Hwy, Nashua St, & Storrow Dr (Leverett Circle)"
779745.3208,2953066.657,763,102,2351,B St & Seaport Blvd
779515.6611,2952626.209,764,103,4058,"B St, Congress St, & Ramps D & F"
777195.4384,2953735.057,765,436,361,Congress St & Dorchester Ave
780440.5009,2952151.494,766,435,4059,Congress St & D St
773810.5691,2947567.922,767,595,9995,Frontage Rd NB & Massachusetts Ave Connector
774115.1502,2947002.984,768,596,9990,Frontage Rd NB & South Boston Bypass Rd
773935.6795,2946926.918,769,599,9991,Frontage Rd SB & South Boston Bypass Rd
774792.7171,2950630.626,770,597,4114,Frontage Rd NB & Traveler St
774865.778,2945451.796,771,600,9994,Frontage Rd SB & South Bay Mall Dr
775163.791,2952915.415,772,676,1273,Kneeland St & Surface Rd SB
775259.252,2952401.557,773,684,4109,"Lincoln St, South Station Connector, & Ramp K"
767736.3575,2947520.394,774,722,3011,Melnea Cass Blvd & Tremont St (NB Turn)
768850.9705,2949756.971,775,712,2363,Massachusetts Ave @ MBTA Station Pedestrian Crossing
766752.7665,2950584.886,776,582,9019,Fenway @ Fire Alarm HQ
766821.7388,2950718.15,777,581,407,Fenway & Westland Ave
766364.6066,2951692.706,778,216,9007,Bowker Overpass & Boylston St
763423.2349,2950534.48,779,769,9001,Park Dr @ Landmark Center Entrance
763173.127,2950677.811,780,768,9000,Park Dr & Riverway
769504.4565,2952534.37,781,228,3131,Boylston St & Ring Rd
769067.8327,2952381.37,782,230,3132,Boylston St @ Prudential Service Entrance
776927.9937,2956732.141,783,725,4117,Mercantile St & Surface Rd SB
779080.7681,2952160.946,784,822,4111,Summer St & West Side Dr
766956.8117,2947539.161,785,798,3068,Ruggles St @ MBTA Station Bus Dr
760793.4764,2935260.293,786,749,2319,New Washington St @ Forest Hills MBTA Ped Crossing
760326.8192,2934477.395,787,844,1712,Washington St @ Forest Hill MBTA Station Busway
760877.798,2934915.922,788,669,2303,Hyde Park Ave & Forest Hills MBTA Station Busway Entrance
772969.3464,2961684.683,789,96,164,Austin St & Rutherford Ave
772874.4242,2964399.217,790,261,977,Bunker Hill St @ White Pool
770685.8257,2964988.963,791,275,3114,Cambridge St & Ramp CL
773732.311,2961018.425,792,787,2345,Ramp TL & Rutherford Ave
762438.2617,2952292.08,793,739,8001,Mountfort St & St. Mary's St
762287.9514,2949661.668,794,794,9021,Riverway & Short St
774499.0881,2954269.469,795,99,3076,Avenue de Lafayette & Washington St
775275.7329,2953256.374,796,114,1292,Beach St & Surface Rd SB
775488.3857,2958117.161,797,169,4120,Beverly St & North Washington St
775359.8824,2958295.609,798,170,4121,Beverly St & Valenti St
775563.7722,2958117.552,799,0,4095,"Cooper St, Cross St, North Washington St, & Ramp ST-SA"
760440.0855,2934932.881,800,0,2165,South St & Washington St @ Forest Hill MBTA Busway Exit
760473.3717,2935274.261,801,0,2163,"Arborway EB Off-ramp, South St, & Washington St"
760426.2491,2926429.386,802,468,1564,Cummins Hwy @ Shopping Center
762432.4897,2924558.104,803,467,955,Cummins Hwy @ #610 (near Hebron St)
774473.5386,2931517.51,804,516,468,Dorchester Ave @ St. Mark's Church
776726.9423,2942482.39,805,379,2059,Columbia Rd & Pulaski I-93 SB Ramps
766490.5675,2924118.381,806,106,555,Babson St & Freemont St
769148.1966,2924184.937,807,792,971,River St @ Mattapan Heights
768185.1906,2923966.151,808,793,968,River St @ Ryan Playground
778260.6281,2951561.298,809,808,9063,South Boston Haul Rd & West Service Rd Exit
774322.2644,2945829.941,810,813,9989,Southampton St & South Bay Dr
772532.7526,2946312.214,811,814,429,Southampton St @ #112
754293.2621,2912270.422,812,848,2246,West Milton St @ #79
750097.528,2955319.689,813,754,1133,North Beacon St @ #265
780737.0886,2960826.745,814,727,2309,Meridian St @ #65
784899.4148,2964113.508,815,156,4126,Bennington St @ Wood Island MBTA Station
756128.8563,2953796.362,816,242,1441,Brighton Ave & Linden Ave
755428.4965,2954804.619,817,282,621,"Cambridge St, Franklin St, & Harvard Ave"
753123.4251,2951263.797,818,415,470,Commonwealth Ave & Summit Ave
761850.518,2952411.786,819,293,8000,Carlton St & Mountfort St
772797.2237,2954487.212,820,334,624,Charles St @ Center Gate (Boston Common)
764729.4332,2943390.44,821,396,4125,Columbus Ave @ Jackson Sq MBTA Busway
764430.0824,2942880.256,822,306,3067,Centre St @ Jackson Sq MBTA Station
768488.0756,2947287.5,823,675,2087,Kerr Way & Melnea Cass Blvd
767942.2185,2950978.316,824,710,132,Massachusetts Ave @ #216
780690.0453,2952528.953,825,0,606,D St & Northern Ave
780304.3143,2951989.395,826,476,3129,D St & MBTA Silver Line Transitway
780108.4019,2951745.605,827,478,4116,D St & Ramp DB
770821.2506,2951785.542,828,492,2302,Dartmouth St @ MBTA Back Bay Station
778749.2806,2952074.842,829,203,9062,"Boston Haul Rd, Mass Haul Rd, & Ramp CT-S"
773550.8493,2947724.424,830,601,9993,"Frontage Rd SB, Ramp A2, & Ramp I"
757626.2414,2917108.193,831,670,3065,Hyde Park Ave @ Blake Estates/Shaw's Market
779267.3733,2950738.593,832,484,3130,D St @ Mid-block Ped Crossing
769108.6275,2937352.632,833,845,1429,Washington St @ Ladder #23
765327.1432,2948246.597,834,659,3097,Huntington Ave @ Engine #37
757010.0271,2925457.976,835,779,1901,Poplar St @ Conley School
772070.269,2952527.631,836,395,405,Columbus Ave @ Engine #7
791234.9033,2965452.587,837,802,1811,Saratoga St @ #1158
764407.1474,2952148.478,838,134,1340,Beacon St @ #712